text,label
This product is amazing and works perfectly,Positive
"Terrible experience, would not recommend",Negative
"It's okay, nothing special",Neutral
"Absolutely love it, best purchase ever",Positive
Worst product I've ever bought,Negative
"Average quality, meets expectations",Neutral
Outstanding service and great quality,Positive
Disappointing and overpriced,Negative
Neutral feelings about this item,Neutral
Exceeded all my expectations,Positive
Complete waste of money,Negative
Fair product for the price,Neutral
Highly recommend to everyone,Positive
"Poor quality, broke after one use",Negative
Decent but could be better,Neutral
"Fantastic results, very satisfied",Positive
Not worth the investment,Negative
Good value for money,Positive
Incredible performance and durability,Positive
"Subpar quality, very unhappy",Negative
Meets basic requirements,Neutral
"Exceptional product, five stars",Positive
Horrible customer service,Negative
Acceptable for everyday use,Neutral
"Best in class, truly outstanding",Positive
Failed to meet expectations,Negative
"Standard quality, nothing remarkable",Neutral
Wonderful experience overall,Positive
Completely dissatisfied with purchase,Negative
Moderate performance,Neutral
Superb craftsmanship and design,Positive
"Awful, regret buying this",Negative
Neither good nor bad,Neutral
"Brilliant product, works flawlessly",Positive
"Disastrous purchase, avoid at all costs",Negative
Satisfactory results,Neutral
Marvelous quality and finish,Positive
Unacceptable quality standards,Negative
Fine for basic needs,Neutral
Exemplary service and product,Positive
"Rubbish, total disappointment",Negative
Okay for the price point,Neutral
Perfect in every way,Positive
Defective and poorly made,Negative
Adequate for occasional use,Neutral
Stellar performance throughout,Positive
Appalling quality control,Negative
Reasonable choice overall,Neutral
Magnificent product design,Positive
Dreadful experience from start to finish,Negative
Passable but not impressive,Neutral
Supreme quality and value,Positive
"Unpleasant surprise, very poor",Negative
Mediocre at best,Neutral
Phenomenal results every time,Positive
"Horrible quality, fell apart quickly",Negative
So-so performance,Neutral
Remarkable innovation and quality,Positive
Pathetic excuse for a product,Negative
Neutral stance on this,Neutral
Exquisite attention to detail,Positive
Miserable failure of product,Negative
Average performance overall,Neutral
"Glorious product, highly effective",Positive
"Ghastly quality, returned immediately",Negative
"Standard fare, nothing exciting",Neutral
Splendid craftsmanship evident,Positive
Atrocious build quality,Negative
Unremarkable but functional,Neutral
Delightful experience using this,Positive
Abysmal product quality,Negative
Ordinary results as expected,Neutral
Fabulous innovation here,Positive
Lamentable purchase decision,Negative
Indifferent about this product,Neutral
Superb engineering and design,Positive
Woeful performance throughout,Negative
Neutral opinion maintained,Neutral
Gorgeous aesthetics and function,Positive
Disgraceful quality for price,Negative
Fair enough for needs,Neutral
Wonderful addition to collection,Positive
Regrettable purchase choice,Negative
Middling quality observed,Neutral
Excellent durability tested,Positive
Unfortunate experience overall,Negative
Typical product quality,Neutral
Amazing value proposition,Positive
Frustrating to use daily,Negative
Acceptable quality level,Neutral
Premium quality evident,Positive
Terrible build materials,Negative
Moderate satisfaction level,Neutral
Outstanding innovation shown,Positive
Disappointing performance noted,Negative
Standard expectations met,Neutral
Impressive results achieved,Positive
Poor design choices,Negative
Adequate functionality provided,Neutral
Exceptional value delivered,Positive
